trip_id,distance_km,estimated_duration_min,actual_duration_min,num_stops,vehicle_type,vehicle_age_years,load_weight_kg,departure_hour,day_of_week,weather_condition,region,is_late_delivery
1,19.35,37.2,55.9,17,van,2,118.6,15,Wed,rain,suburban,1
2,47.59,119.3,123.2,9,van,7,1171.4,1,Thu,clear,urban,0
3,36.87,110.7,102.1,2,van,13,1583.8,7,Sun,clear,urban,0
4,30.33,86.8,92.1,18,truck_large,5,83.7,5,Wed,rain,suburban,0
5,8.64,28.0,5.0,9,van,4,1121.9,15,Sun,rain,rural,0
6,8.64,21.1,21.1,6,van,12,1722.6,22,Wed,rain,urban,0
7,3.85,15.1,18.4,11,van,14,974.5,10,Thu,rain,rural,1
8,43.44,129.0,138.3,6,truck_small,8,58.0,16,Tue,clear,rural,0
9,30.45,65.4,55.3,6,van,9,71.5,22,Thu,windy,urban,0
10,35.7,86.5,87.3,13,truck_small,9,862.4,18,Sun,rain,suburban,0
11,2.01,5.0,5.0,11,van,3,352.3,10,Thu,clear,urban,0
12,48.53,157.1,159.7,14,van,3,1345.7,7,Wed,rain,urban,0
13,41.79,132.7,123.7,2,van,5,1432.2,21,Mon,clear,suburban,0
14,11.4,20.3,16.2,8,truck_large,5,396.9,3,Wed,clear,suburban,0
15,9.91,27.8,17.9,3,truck_large,10,1782.6,10,Fri,clear,urban,0
16,9.99,32.5,39.0,23,van,2,911.7,7,Thu,rain,rural,1
17,15.91,28.0,36.6,21,truck_small,1,328.5,8,Sat,snow,suburban,1
18,26.71,67.7,65.4,3,truck_large,8,1540.3,1,Thu,rain,rural,0
19,22.17,70.7,71.1,1,van,3,1590.5,15,Tue,clear,urban,0
20,15.27,24.4,10.0,24,truck_large,1,1296.6,5,Sun,clear,rural,0
21,30.98,86.9,83.9,19,van,1,1714.3,20,Sat,clear,urban,0
22,7.84,13.3,12.8,18,truck_large,11,1487.9,20,Wed,clear,urban,0
23,15.32,48.8,75.0,17,truck_small,2,1770.3,18,Tue,rain,suburban,1
24,18.95,59.8,48.6,20,truck_large,6,896.1,7,Thu,windy,suburban,0
25,23.35,68.1,82.7,24,truck_small,6,1507.8,13,Wed,clear,suburban,1
26,39.47,100.7,110.7,13,van,14,1999.5,23,Wed,rain,urban,0
27,10.78,30.2,33.0,3,truck_large,3,1463.6,15,Fri,windy,urban,0
28,26.2,75.7,93.3,1,van,12,272.7,11,Fri,clear,suburban,1
29,30.03,68.1,71.8,4,van,4,1060.7,4,Mon,rain,urban,0
30,3.28,13.2,17.0,13,truck_small,12,1195.3,23,Fri,rain,suburban,1
31,30.77,53.9,53.4,17,truck_small,13,389.7,23,Sun,rain,urban,0
32,9.36,24.8,37.1,11,truck_large,2,1927.6,18,Sat,clear,rural,1
33,4.19,10.2,21.1,2,van,2,392.4,17,Wed,rain,suburban,1
34,47.5,95.6,89.3,16,truck_small,7,396.2,8,Fri,rain,suburban,0
35,48.32,92.7,79.5,2,truck_small,13,1834.6,1,Mon,clear,rural,0
36,40.61,111.6,109.6,19,van,1,957.2,19,Thu,clear,suburban,0
37,15.93,33.8,25.8,23,van,7,173.2,11,Sat,clear,urban,0
38,5.79,16.6,15.9,19,van,14,1216.5,1,Fri,snow,urban,0
39,34.53,62.1,74.5,16,van,12,1223.6,9,Wed,clear,suburban,1
40,22.57,41.8,37.3,22,truck_large,14,175.8,0,Thu,snow,urban,0
41,6.98,19.1,18.7,19,truck_small,12,1946.4,3,Sun,clear,suburban,0
42,25.26,76.1,76.7,9,truck_small,14,1110.9,11,Wed,clear,urban,0
43,2.69,5.0,13.5,1,truck_large,1,1141.6,8,Thu,clear,urban,1
44,45.56,118.9,96.4,10,van,14,1064.2,3,Sun,clear,suburban,0
45,13.68,43.4,37.4,19,truck_large,6,1240.9,8,Sun,clear,rural,0
46,33.46,95.2,97.4,1,van,3,565.4,5,Sat,rain,suburban,0
47,16.27,34.7,46.7,2,truck_large,8,610.1,0,Wed,clear,rural,1
48,26.48,46.4,41.5,16,van,6,1047.1,9,Fri,clear,rural,0
49,27.79,83.3,64.6,12,truck_large,11,1623.0,13,Fri,clear,urban,0
50,10.06,22.5,28.7,8,van,2,147.2,21,Mon,rain,urban,1
51,48.51,144.8,138.4,23,van,8,1226.6,17,Thu,rain,suburban,0
52,38.98,96.6,84.7,18,truck_small,5,1623.2,5,Mon,rain,rural,0
53,47.04,145.1,138.8,2,van,8,356.0,17,Tue,windy,suburban,0
54,44.85,128.0,126.2,13,truck_small,8,79.3,19,Fri,clear,rural,0
55,30.3,97.2,91.2,6,van,6,659.8,15,Thu,clear,urban,0
56,46.17,110.6,88.6,21,truck_small,2,1196.9,14,Sat,clear,urban,0
57,5.34,16.3,25.3,6,van,8,319.7,15,Mon,clear,suburban,1
58,10.6,24.3,37.0,9,van,11,880.9,7,Sat,rain,urban,1
59,3.22,7.1,13.6,16,van,6,1127.0,12,Sat,clear,urban,1
60,16.94,40.7,29.3,11,van,6,1217.8,22,Sat,clear,urban,0
61,20.05,63.3,61.2,7,van,8,585.1,10,Mon,clear,urban,0
62,14.3,45.2,45.1,10,van,1,830.1,6,Tue,windy,suburban,0
63,41.61,119.1,125.1,10,van,2,1567.8,16,Sun,windy,rural,0
64,18.48,53.7,60.3,20,van,12,1885.4,17,Sun,clear,rural,0
65,14.77,36.2,28.9,18,truck_small,12,1730.7,21,Mon,clear,suburban,0
66,27.59,75.9,76.7,24,truck_large,9,1150.4,22,Sun,snow,urban,0
67,7.91,15.6,20.2,20,van,11,850.1,18,Wed,windy,suburban,1
68,40.31,82.2,96.8,9,truck_small,12,699.3,12,Sun,clear,urban,1
69,4.65,11.0,18.1,15,truck_small,8,293.7,14,Fri,clear,urban,1
70,49.36,104.4,112.3,4,van,12,257.8,22,Mon,windy,urban,0
71,38.84,88.8,89.6,8,truck_small,7,1392.3,21,Sun,rain,rural,0
72,10.74,20.8,34.9,9,van,7,556.6,21,Mon,clear,rural,1
73,1.27,8.0,12.1,13,truck_small,5,546.6,0,Tue,rain,suburban,1
74,40.96,78.0,69.4,9,van,2,1996.5,15,Wed,windy,suburban,0
75,35.64,112.1,126.1,4,truck_small,11,416.5,4,Mon,snow,urban,0
76,36.72,91.9,98.9,17,truck_small,6,338.7,2,Fri,rain,suburban,0
77,38.79,90.9,86.5,16,van,10,242.4,22,Sun,rain,suburban,0
78,4.63,15.3,10.5,15,van,3,1180.6,9,Fri,clear,urban,0
79,18.56,40.5,43.5,3,truck_large,4,1274.3,18,Sun,snow,urban,0
80,6.68,18.4,23.0,20,van,13,762.2,4,Mon,clear,rural,1
81,43.29,123.6,125.6,5,truck_small,10,1094.1,6,Sat,windy,suburban,0
82,31.54,63.8,66.9,23,truck_large,12,1587.4,13,Sun,clear,rural,0
83,17.21,40.0,57.0,5,truck_small,11,1645.3,2,Sat,snow,rural,1
84,4.11,11.2,22.0,20,truck_small,2,1917.9,12,Wed,clear,rural,1
85,16.24,47.8,49.8,15,truck_small,14,1657.3,12,Fri,clear,urban,0
86,16.93,42.8,52.2,18,truck_large,2,1151.4,9,Sat,clear,urban,1
87,36.75,103.9,93.6,15,van,12,400.3,1,Fri,rain,urban,0
88,32.24,62.4,66.3,2,van,8,244.5,5,Sun,snow,urban,0
89,44.47,141.8,159.9,13,van,8,156.3,7,Sun,rain,suburban,0
90,24.14,55.5,53.3,4,truck_large,10,1349.7,3,Wed,clear,suburban,0
91,6.86,21.2,12.7,10,truck_small,6,1624.7,11,Sun,clear,suburban,0
92,35.95,98.8,92.2,13,van,13,1041.9,14,Wed,windy,urban,0
93,38.28,98.3,87.4,10,truck_large,5,156.7,7,Sat,rain,rural,0
94,28.5,73.0,65.2,9,van,8,1094.2,6,Sun,rain,urban,0
95,38.78,81.8,78.1,8,van,4,1874.7,13,Mon,rain,urban,0
96,25.2,54.5,40.5,3,truck_small,11,1215.3,22,Thu,rain,suburban,0
97,26.61,59.7,59.8,16,van,4,1628.4,18,Tue,clear,suburban,0
98,21.95,53.0,62.0,14,truck_large,5,1610.3,13,Thu,rain,urban,1
99,2.25,8.2,5.0,9,van,1,1867.7,21,Thu,rain,urban,0
100,6.29,15.4,30.6,21,truck_large,1,1551.9,12,Fri,snow,suburban,1
101,2.54,5.4,10.5,11,truck_small,2,1508.0,20,Wed,snow,urban,1
102,32.18,100.5,110.8,3,van,14,506.5,0,Fri,clear,urban,0
103,16.4,50.8,44.2,5,truck_large,8,166.9,18,Sat,clear,suburban,0
104,25.92,79.4,88.0,10,truck_small,7,1059.3,0,Tue,clear,urban,0
105,45.47,145.7,134.8,13,van,10,292.6,3,Sat,clear,urban,0
106,13.22,31.0,39.9,4,van,9,1926.3,9,Mon,rain,urban,1
107,21.11,46.7,48.4,24,truck_large,5,615.4,2,Tue,snow,rural,0
108,38.02,112.2,117.7,13,van,2,1713.2,19,Fri,clear,rural,0
109,12.21,37.8,26.1,12,van,7,805.9,8,Sun,clear,urban,0
110,4.77,9.3,5.0,5,van,8,680.2,2,Sun,windy,urban,0
111,15.2,38.4,44.3,10,van,12,1873.6,5,Fri,snow,urban,1
112,8.9,17.0,7.5,24,truck_small,7,758.5,5,Sat,clear,urban,0
113,46.56,102.3,106.9,9,van,14,811.1,22,Fri,rain,suburban,0
114,40.6,103.5,89.9,20,van,7,256.9,11,Fri,clear,suburban,0
115,32.04,81.3,89.8,7,van,12,1357.4,22,Thu,clear,urban,0
116,43.7,112.6,100.3,2,van,14,613.2,0,Mon,clear,urban,0
117,40.38,80.4,85.9,22,truck_large,5,1191.9,15,Sun,clear,urban,0
118,10.14,32.3,38.6,24,van,2,1203.1,23,Thu,clear,urban,1
119,44.74,96.5,89.5,23,truck_large,6,1452.4,4,Fri,windy,urban,0
120,27.43,53.2,59.1,7,van,4,1503.2,8,Wed,rain,suburban,0
121,40.56,122.3,124.9,8,van,10,1053.2,9,Thu,clear,suburban,0
122,44.91,138.2,132.8,7,truck_large,2,695.4,12,Fri,clear,suburban,0
123,16.58,54.7,44.6,21,van,12,1683.0,14,Sun,clear,urban,0
124,6.39,17.8,5.0,23,truck_small,9,654.2,11,Fri,rain,suburban,0
125,12.17,36.7,40.2,14,truck_large,7,1039.6,4,Mon,snow,urban,0
126,21.93,61.0,45.3,19,van,6,832.4,4,Sat,clear,urban,0
127,41.08,81.9,82.9,5,van,12,1717.4,17,Tue,clear,suburban,0
128,43.18,101.1,98.5,23,truck_small,5,892.2,11,Thu,rain,urban,0
129,1.34,5.0,11.8,18,van,3,802.9,2,Thu,rain,suburban,1
130,26.03,56.2,53.2,20,van,12,1395.2,6,Thu,clear,suburban,0
131,21.45,57.6,54.3,12,van,10,1224.8,16,Fri,rain,rural,0
132,11.88,30.6,37.9,23,van,10,259.1,18,Mon,rain,rural,1
133,6.87,9.6,13.0,17,truck_small,4,1040.9,17,Fri,clear,urban,1
134,17.54,40.5,43.7,13,van,3,1484.2,0,Fri,clear,rural,0
135,47.2,128.7,133.4,2,van,12,1984.5,23,Sat,clear,suburban,0
136,16.84,32.7,17.4,13,truck_small,11,1276.8,4,Wed,snow,suburban,0
137,26.42,79.9,87.5,7,van,8,772.1,1,Mon,windy,urban,0
138,35.45,87.6,93.7,10,van,3,491.0,0,Thu,snow,rural,0
139,18.82,48.3,38.1,23,truck_small,7,1752.0,6,Tue,rain,urban,0
140,48.62,126.4,124.0,6,van,7,1638.4,10,Thu,rain,rural,0
141,48.16,144.9,144.5,3,truck_small,7,506.1,10,Fri,rain,urban,0
142,13.34,26.5,25.1,3,truck_large,13,441.2,17,Mon,windy,suburban,0
143,25.37,70.1,73.5,18,van,7,1444.5,16,Sun,clear,urban,0
144,15.74,46.6,60.9,11,truck_small,14,664.2,1,Mon,clear,urban,1
145,14.96,29.5,40.3,22,van,2,647.5,6,Mon,rain,urban,1
146,2.81,6.5,5.0,20,van,10,347.0,6,Wed,rain,urban,0
147,30.87,91.6,97.8,5,truck_large,3,564.8,9,Thu,clear,urban,0
148,25.63,70.3,83.6,19,truck_large,10,883.6,21,Wed,rain,urban,1
149,3.52,11.6,15.4,22,van,9,1479.0,20,Sun,rain,suburban,1
150,14.65,45.6,56.5,19,truck_small,3,705.8,2,Sun,clear,rural,1
151,45.51,129.0,149.1,15,truck_large,2,690.8,11,Sat,rain,suburban,1
152,12.74,41.2,51.4,16,truck_large,9,605.6,2,Tue,clear,urban,1
153,8.1,23.7,26.2,24,truck_small,13,982.7,10,Sat,windy,urban,0
154,24.98,68.0,78.5,9,van,10,402.2,11,Fri,clear,urban,1
155,49.3,133.5,134.9,4,van,9,997.0,3,Wed,rain,rural,0
156,12.86,42.4,42.6,15,truck_large,4,1423.1,15,Wed,clear,rural,0
157,33.93,68.2,64.7,12,van,14,108.1,19,Sat,clear,urban,0
158,38.32,113.3,128.9,23,truck_small,12,69.1,17,Fri,rain,urban,0
159,12.64,41.5,33.3,3,van,9,196.5,3,Mon,clear,rural,0
160,36.68,67.2,82.5,23,van,3,1094.5,21,Fri,clear,rural,1
161,19.02,49.7,54.7,14,van,7,1716.2,5,Thu,clear,rural,0
162,31.98,65.9,51.9,17,truck_large,7,59.5,20,Sat,snow,rural,0
163,32.04,71.1,74.8,19,van,11,1876.5,14,Fri,rain,urban,0
164,27.25,77.1,56.1,6,truck_small,8,257.2,0,Mon,clear,urban,0
165,5.42,12.0,18.2,4,van,10,1691.9,2,Fri,rain,urban,1
166,41.93,124.1,132.9,7,van,4,991.6,4,Wed,snow,urban,0
167,16.72,51.7,45.8,19,van,3,1335.7,21,Tue,rain,urban,0
168,10.14,24.1,25.4,17,truck_small,3,1045.8,16,Wed,clear,suburban,0
169,3.0,7.0,26.5,16,van,12,980.2,13,Sun,rain,urban,1
170,29.95,65.2,60.1,15,van,5,1678.1,8,Tue,clear,urban,0
171,34.2,93.3,82.7,22,van,11,1524.0,2,Sun,clear,urban,0
172,1.81,7.6,22.4,8,van,14,992.6,12,Fri,clear,urban,1
173,26.09,67.2,86.9,19,truck_large,1,267.7,2,Thu,rain,urban,1
174,12.1,29.4,29.5,8,truck_large,10,275.0,10,Fri,clear,rural,0
175,32.61,86.0,96.1,18,van,3,1613.0,1,Mon,windy,rural,0
176,9.54,26.8,40.2,16,truck_small,14,1082.3,23,Fri,clear,urban,1
177,34.86,101.9,94.5,20,truck_large,6,989.1,14,Tue,clear,suburban,0
178,19.95,44.4,39.6,19,van,3,1377.1,12,Wed,clear,urban,0
179,46.9,133.7,146.0,10,truck_large,5,1724.7,18,Thu,clear,suburban,0
180,7.74,18.7,35.6,17,truck_large,9,1276.3,21,Sun,clear,urban,1
181,17.71,55.7,61.3,13,van,2,1537.6,15,Fri,clear,urban,0
182,6.56,14.0,5.2,13,van,11,1542.3,17,Fri,clear,rural,0
183,46.31,126.8,146.6,7,truck_large,2,744.7,6,Wed,clear,urban,1
184,43.99,131.7,126.4,10,truck_small,12,584.5,12,Thu,clear,urban,0
185,13.64,23.3,20.0,2,van,6,1612.3,3,Sat,clear,urban,0
186,33.34,100.6,104.0,4,van,6,785.5,8,Sun,rain,urban,0
187,41.04,116.2,131.8,6,van,11,1811.5,9,Fri,rain,urban,0
188,28.2,58.6,67.1,24,truck_small,11,185.9,8,Fri,rain,rural,0
189,26.95,59.6,63.7,18,truck_small,8,163.5,6,Sat,clear,suburban,0
190,12.85,35.4,40.0,23,truck_large,12,1857.7,14,Sun,rain,suburban,0
191,5.56,10.7,11.2,6,van,13,1314.5,7,Tue,windy,urban,0
192,44.96,121.1,126.6,23,truck_small,11,790.2,18,Tue,clear,urban,0
193,45.12,100.3,75.0,17,truck_small,14,1522.4,10,Mon,clear,urban,0
194,32.02,86.2,83.2,14,van,2,1361.0,4,Wed,clear,urban,0
195,17.61,35.8,38.2,24,van,9,1085.8,1,Thu,clear,suburban,0
196,18.11,56.2,44.7,11,truck_large,2,242.8,9,Fri,clear,urban,0
197,36.57,116.2,120.1,19,truck_large,13,1633.8,15,Sun,rain,rural,0
198,44.96,144.9,142.9,2,van,1,1738.7,22,Fri,clear,urban,0
199,44.47,118.6,136.2,3,truck_small,10,385.7,12,Mon,windy,urban,0
200,39.21,79.8,95.5,11,van,2,1708.5,7,Sun,clear,urban,1
201,32.46,90.9,86.3,6,truck_small,12,1761.8,8,Sun,clear,urban,0
202,5.12,5.0,5.0,14,truck_small,7,1121.4,10,Fri,windy,urban,0
203,8.92,17.9,17.1,19,truck_small,8,1329.5,10,Wed,snow,urban,0
204,45.03,105.6,101.1,16,truck_large,5,795.4,22,Mon,clear,urban,0
205,30.72,75.9,77.8,21,truck_small,6,599.5,15,Wed,rain,suburban,0
206,1.45,7.0,5.0,22,van,12,1457.9,9,Mon,snow,suburban,0
207,5.97,21.3,10.0,24,truck_small,1,1730.7,23,Fri,clear,urban,0
208,33.51,85.2,91.4,7,van,6,1325.5,11,Mon,clear,urban,0
209,1.25,7.6,13.9,8,van,12,1047.6,5,Tue,snow,suburban,1
210,8.88,30.6,22.6,19,van,8,359.9,11,Sun,clear,rural,0
211,27.89,67.1,76.0,20,van,13,154.2,9,Thu,clear,suburban,0
212,34.9,80.1,73.8,16,truck_small,3,919.1,17,Fri,clear,urban,0
213,32.95,66.1,68.7,22,van,11,146.2,17,Sat,clear,suburban,0
214,11.99,32.4,40.6,7,truck_small,1,1160.2,3,Thu,snow,suburban,1
215,35.9,106.0,105.7,9,truck_small,11,796.3,8,Fri,clear,urban,0
216,12.63,26.1,30.7,13,van,4,1526.5,6,Thu,snow,rural,1
217,16.94,32.8,27.7,1,truck_large,1,646.0,17,Tue,clear,urban,0
218,37.58,105.1,103.1,8,van,14,1206.3,7,Thu,clear,rural,0
219,32.83,89.3,87.2,24,van,8,1098.5,10,Mon,clear,suburban,0
220,42.61,98.1,90.6,22,truck_small,5,59.2,6,Thu,rain,suburban,0
221,33.22,102.2,100.4,4,van,1,191.2,8,Fri,windy,suburban,0
222,28.85,58.6,43.1,3,van,14,616.2,7,Sat,clear,urban,0
223,5.59,11.2,6.3,3,truck_small,8,1770.4,2,Sat,clear,suburban,0
224,19.02,55.4,52.6,22,truck_small,9,336.7,16,Wed,rain,rural,0
225,13.99,31.6,29.0,13,van,10,1436.2,1,Sun,rain,suburban,0
226,12.96,34.8,32.4,8,truck_large,2,1948.1,14,Thu,clear,rural,0
227,48.68,113.4,112.8,7,truck_small,9,1591.6,13,Sat,rain,rural,0
228,20.26,42.2,47.0,1,truck_large,8,523.7,17,Thu,rain,rural,0
229,44.71,137.9,146.6,16,van,7,1821.3,15,Sun,clear,suburban,0
230,31.93,75.5,69.0,6,truck_small,3,231.6,19,Sat,clear,suburban,0
231,39.95,117.4,105.4,7,truck_large,2,962.9,21,Sun,clear,urban,0
232,25.63,56.7,46.2,12,truck_small,7,1780.7,3,Thu,rain,suburban,0
233,29.27,61.7,56.8,23,truck_small,5,1300.5,19,Fri,rain,urban,0
234,25.13,42.0,38.4,9,van,6,856.6,5,Thu,clear,urban,0
235,10.57,27.7,20.0,11,van,4,621.0,5,Sun,clear,urban,0
236,36.4,82.0,69.1,10,van,2,781.4,10,Fri,clear,rural,0
237,14.76,45.4,40.8,21,van,9,1042.4,16,Fri,snow,rural,0
238,2.19,9.4,11.2,1,truck_large,3,672.1,23,Wed,clear,suburban,1
239,32.63,97.3,103.3,18,van,12,1939.5,2,Sat,clear,urban,0
240,9.68,20.3,14.7,4,truck_large,14,1869.5,12,Mon,clear,suburban,0
241,47.08,141.5,137.4,5,truck_large,7,1747.8,21,Fri,clear,suburban,0
242,47.74,139.9,130.6,9,van,14,872.6,2,Sun,clear,urban,0
243,45.83,132.6,132.3,17,van,8,1398.0,15,Sat,clear,urban,0
244,19.14,54.8,46.3,3,truck_large,2,1810.5,14,Tue,clear,urban,0
245,1.76,5.0,10.7,16,truck_large,14,1708.3,10,Thu,rain,suburban,1
246,46.49,122.1,104.2,5,van,6,857.9,17,Sun,clear,suburban,0
247,21.98,46.8,43.2,16,van,11,269.2,14,Tue,clear,urban,0
248,48.37,89.3,92.3,3,truck_small,8,197.5,4,Sun,rain,rural,0
249,48.22,154.7,156.5,20,truck_small,7,1175.3,15,Thu,clear,urban,0
250,42.8,113.8,140.7,15,van,11,1303.1,15,Wed,rain,urban,1
251,15.43,42.9,46.4,3,truck_small,3,1707.2,16,Sun,clear,urban,0
252,19.87,44.6,34.6,20,van,1,620.4,8,Fri,clear,urban,0
253,42.71,78.5,77.5,14,van,14,376.6,22,Mon,clear,urban,0
254,16.53,27.9,10.1,16,van,6,789.1,2,Fri,clear,urban,0
255,9.31,26.5,25.7,17,van,8,739.5,19,Thu,snow,suburban,0
256,28.28,69.5,61.1,24,van,6,308.3,12,Sun,clear,urban,0
257,46.87,92.8,101.9,20,van,5,1361.0,21,Mon,clear,suburban,0
258,35.11,90.0,84.6,23,van,11,1041.9,2,Fri,clear,suburban,0
259,28.93,53.2,52.1,18,van,12,1456.2,6,Mon,clear,urban,0
260,5.76,15.5,9.1,18,van,8,737.7,5,Thu,clear,suburban,0
261,31.14,72.6,90.0,22,truck_large,2,685.1,8,Wed,clear,urban,1
262,49.51,147.1,143.9,14,van,12,971.5,11,Wed,clear,rural,0
263,7.86,16.8,35.1,18,van,1,1760.9,14,Sun,snow,rural,1
264,26.4,61.7,69.8,15,truck_small,1,128.5,20,Fri,clear,urban,0
265,43.99,73.4,78.3,15,truck_large,14,1619.4,19,Tue,rain,rural,0
266,37.3,68.8,72.5,6,van,4,769.5,2,Thu,snow,suburban,0
267,35.15,82.0,85.9,15,truck_small,6,1716.5,9,Fri,clear,rural,0
268,35.42,84.6,65.3,18,truck_small,13,1614.3,0,Fri,snow,suburban,0
269,18.62,48.8,46.0,4,truck_small,9,730.1,18,Wed,rain,urban,0
270,15.39,34.2,42.7,23,van,1,1403.1,18,Sun,clear,rural,1
271,40.66,112.1,111.6,8,truck_small,12,361.3,22,Mon,windy,urban,0
272,40.7,120.3,106.3,15,van,1,1797.7,22,Thu,clear,urban,0
273,43.49,126.3,125.7,3,truck_small,13,838.8,12,Mon,clear,urban,0
274,45.75,86.2,103.3,15,truck_small,13,938.5,11,Sat,rain,urban,1
275,26.06,61.2,73.6,13,van,5,1426.2,0,Sat,clear,suburban,1
276,25.57,54.0,53.4,9,truck_large,10,1650.6,18,Thu,clear,suburban,0
277,40.12,85.5,95.0,2,van,5,510.9,23,Sun,clear,rural,0
278,32.85,104.6,100.9,24,truck_large,5,1339.6,15,Tue,rain,urban,0
279,35.4,72.9,55.9,8,van,10,814.4,22,Sat,rain,rural,0
280,39.99,100.6,91.4,20,van,6,769.0,22,Wed,rain,rural,0
281,44.61,121.8,137.4,17,van,8,1395.6,14,Tue,windy,urban,0
282,17.56,49.7,47.0,13,truck_large,3,805.0,15,Fri,clear,urban,0
283,19.4,48.3,45.8,1,van,9,724.9,10,Sat,clear,rural,0
284,5.61,11.3,8.3,2,van,13,1680.0,23,Wed,rain,suburban,0
285,29.34,62.8,81.8,15,van,1,247.5,5,Fri,rain,suburban,1
286,2.76,7.3,23.6,12,truck_small,4,1368.0,10,Tue,clear,suburban,1
287,23.81,45.7,67.9,14,truck_small,9,535.0,2,Thu,clear,urban,1
288,27.59,62.6,61.0,2,van,14,80.2,14,Fri,snow,urban,0
289,15.04,27.4,30.3,18,van,8,375.2,0,Mon,windy,suburban,0
290,29.95,51.6,36.4,22,van,10,1233.0,6,Thu,rain,urban,0
291,2.49,5.0,19.8,7,van,9,1432.8,0,Thu,clear,suburban,1
292,2.83,5.9,5.0,23,van,1,91.1,16,Tue,windy,rural,0
293,41.31,107.7,109.8,6,truck_small,9,121.0,8,Tue,snow,suburban,0
294,18.65,48.5,37.5,14,van,3,1810.0,22,Wed,clear,rural,0
295,7.23,24.9,19.0,8,van,11,192.9,12,Wed,snow,urban,0
296,26.59,52.7,44.3,22,van,12,1793.7,10,Mon,snow,suburban,0
297,38.73,81.7,75.6,2,truck_large,10,494.9,19,Thu,windy,suburban,0
298,11.58,23.8,18.4,17,truck_large,9,1493.0,5,Sun,snow,rural,0
299,31.52,82.9,77.4,5,truck_large,1,654.0,0,Mon,rain,suburban,0
300,5.18,19.8,28.1,14,van,1,1724.6,6,Mon,rain,urban,1
301,3.53,5.0,5.0,24,van,9,1415.9,11,Sun,clear,rural,0
302,27.04,86.9,89.1,20,van,11,833.5,21,Sun,rain,suburban,0
303,27.49,54.5,66.7,21,van,14,198.8,19,Sun,rain,urban,1
304,32.23,80.4,75.3,21,truck_small,6,1478.8,22,Tue,windy,suburban,0
305,36.58,106.3,99.2,22,truck_small,4,1252.9,18,Mon,clear,rural,0
306,48.82,146.7,144.3,3,truck_large,7,55.7,16,Mon,rain,suburban,0
307,26.3,74.5,86.3,5,truck_large,5,68.4,3,Fri,clear,urban,1
308,16.82,49.9,51.9,16,van,10,1627.1,2,Sun,rain,rural,0
309,39.96,90.5,85.2,18,truck_small,14,555.8,0,Sun,rain,suburban,0
310,14.27,44.4,49.2,17,van,7,1290.5,17,Wed,clear,suburban,0
311,22.51,45.4,34.4,11,van,8,935.7,20,Wed,clear,urban,0
312,4.84,9.5,16.3,17,truck_small,8,1733.7,14,Thu,clear,urban,1
313,2.24,9.7,13.7,16,van,1,1838.1,7,Wed,clear,suburban,1
314,48.17,136.8,133.8,23,van,8,1993.8,0,Sat,rain,rural,0
315,41.96,105.2,96.8,2,van,6,349.7,19,Thu,clear,urban,0
316,35.1,98.2,89.3,4,truck_small,4,1732.8,13,Sun,clear,urban,0
317,21.04,50.1,55.5,21,truck_small,13,568.7,3,Fri,clear,urban,0
318,9.49,25.6,37.9,7,van,14,1202.1,4,Wed,clear,suburban,1
319,8.67,13.3,6.9,2,truck_large,12,1036.3,22,Fri,rain,urban,0
320,13.26,24.3,28.9,6,van,8,85.1,12,Wed,clear,urban,1
321,27.91,59.0,38.1,17,van,3,1868.9,23,Wed,snow,urban,0
322,36.02,75.2,69.4,7,truck_small,13,202.7,14,Fri,clear,suburban,0
323,33.35,104.7,104.4,5,truck_small,4,1392.0,5,Mon,clear,urban,0
324,14.72,35.2,26.1,5,truck_large,6,1580.8,0,Mon,clear,urban,0
325,47.79,149.6,140.3,20,van,11,1600.8,22,Mon,rain,rural,0
326,37.16,83.8,77.1,16,truck_small,7,314.2,18,Sat,rain,urban,0
327,28.16,52.8,55.7,19,truck_small,4,922.8,12,Mon,windy,urban,0
328,30.97,87.6,85.7,9,truck_large,4,1667.4,5,Wed,rain,rural,0
329,21.56,61.6,39.2,5,van,7,640.2,14,Sun,clear,urban,0
330,13.14,37.7,16.5,8,truck_small,6,962.1,15,Tue,rain,suburban,0
331,18.44,43.8,37.8,9,truck_small,13,581.9,23,Fri,windy,urban,0
332,38.13,105.2,109.8,5,van,11,953.9,22,Sun,clear,suburban,0
333,1.71,5.0,5.0,10,van,8,1781.3,15,Tue,clear,urban,0
334,6.69,22.2,17.2,2,van,1,937.5,9,Sun,rain,rural,0
335,3.25,7.9,5.0,9,truck_small,10,1134.0,21,Sat,clear,urban,0
336,3.0,9.4,23.3,11,truck_large,13,837.8,8,Tue,windy,urban,1
337,42.92,87.8,84.0,4,truck_small,11,947.2,8,Thu,clear,suburban,0
338,35.48,97.6,101.4,22,truck_small,7,79.6,16,Mon,clear,rural,0
339,24.23,47.7,49.1,22,truck_small,12,603.3,16,Sat,windy,urban,0
340,5.79,10.7,5.0,22,van,7,901.3,16,Sun,snow,rural,0
341,25.09,52.9,60.6,2,van,11,1285.9,23,Wed,clear,urban,0
342,24.2,58.9,61.1,23,van,7,927.6,11,Mon,windy,suburban,0
343,9.49,28.4,33.4,6,van,7,708.7,12,Mon,clear,urban,1
344,22.26,61.6,100.9,14,van,10,806.8,11,Tue,clear,suburban,1
345,20.53,57.5,36.7,1,truck_small,14,522.5,13,Thu,windy,urban,0
346,31.18,79.5,96.7,18,van,10,1852.8,9,Mon,clear,urban,1
347,32.12,75.1,72.2,7,van,8,1067.4,22,Sun,clear,urban,0
348,3.22,6.6,9.5,1,van,9,76.1,18,Sun,clear,urban,1
349,19.36,63.7,63.3,1,van,9,87.9,1,Fri,rain,rural,0
350,31.67,57.8,53.5,1,truck_large,2,1947.3,3,Fri,clear,rural,0
351,25.65,80.8,75.1,24,truck_large,13,481.8,18,Mon,rain,suburban,0
352,42.97,113.3,116.6,4,truck_small,13,1620.9,6,Tue,rain,urban,0
353,33.28,80.0,64.8,4,van,7,163.6,14,Tue,clear,urban,0
354,8.98,26.6,34.1,18,truck_small,7,1846.3,14,Wed,rain,suburban,1
355,4.46,6.4,5.0,11,truck_large,4,1755.1,23,Sat,snow,rural,0
356,32.48,94.8,83.5,1,truck_small,9,1163.6,5,Sat,clear,urban,0
357,2.3,5.0,5.0,10,van,8,67.5,2,Sat,clear,rural,0
358,29.7,71.4,84.0,9,truck_small,12,552.7,5,Thu,clear,rural,1
359,47.07,108.2,102.8,23,truck_large,1,843.3,15,Tue,rain,rural,0
360,29.2,83.5,87.1,4,truck_small,2,947.1,1,Wed,snow,urban,0
361,20.02,63.5,56.2,6,truck_small,13,630.5,6,Fri,clear,urban,0
362,32.52,69.6,77.2,16,van,13,114.2,10,Sun,clear,urban,0
363,23.45,57.3,64.1,2,truck_small,2,1200.7,6,Sat,clear,suburban,0
364,27.74,72.8,91.3,23,van,12,1072.1,3,Fri,rain,urban,1
365,47.13,130.8,129.1,18,truck_small,12,601.9,23,Fri,clear,urban,0
366,19.92,37.7,44.3,10,van,11,124.1,19,Mon,snow,suburban,1
367,48.1,134.3,135.3,24,van,8,1989.5,6,Thu,clear,urban,0
368,45.36,138.0,150.9,24,van,1,989.9,3,Wed,rain,urban,0
369,10.59,15.8,8.6,17,truck_small,4,1524.2,11,Thu,clear,suburban,0
370,4.4,11.6,19.1,13,van,10,932.0,4,Mon,rain,suburban,1
371,5.94,15.6,13.6,24,truck_small,12,134.2,22,Wed,clear,suburban,0
372,1.89,5.0,5.0,18,truck_small,5,653.7,18,Wed,rain,urban,0
373,5.63,23.1,24.0,22,van,9,674.2,4,Tue,clear,suburban,0
374,34.47,83.0,85.6,13,van,7,1684.8,18,Thu,clear,suburban,0
375,4.49,5.0,5.0,17,van,8,1325.7,20,Thu,clear,urban,0
376,16.63,49.3,51.5,5,truck_large,14,587.1,2,Tue,rain,suburban,0
377,42.4,106.1,121.8,11,truck_small,11,1937.1,10,Fri,clear,urban,0
378,2.14,11.3,21.1,7,van,9,677.0,6,Mon,clear,urban,1
379,40.91,90.5,99.2,10,van,13,1996.6,16,Thu,snow,urban,0
380,14.81,40.4,35.9,17,truck_small,7,1992.5,8,Tue,snow,urban,0
381,6.79,12.4,5.0,15,truck_large,5,422.9,20,Sun,clear,urban,0
382,35.14,82.2,91.7,18,truck_large,13,659.8,8,Wed,rain,rural,0
383,31.82,108.4,117.2,23,truck_small,5,997.8,9,Sat,clear,urban,0
384,44.0,90.6,105.3,22,van,10,1345.0,12,Sun,rain,rural,1
385,37.02,101.4,95.4,19,van,11,1079.7,14,Tue,snow,suburban,0
386,40.37,92.4,90.2,2,van,6,1940.4,21,Sat,clear,urban,0
387,14.82,46.0,29.6,4,van,5,1461.8,4,Fri,rain,urban,0
388,9.69,19.5,15.6,3,van,13,463.5,2,Mon,clear,suburban,0
389,37.78,120.2,130.2,7,van,12,254.9,7,Sat,rain,suburban,0
390,40.53,97.5,92.9,24,van,11,1392.4,19,Fri,rain,urban,0
391,49.53,106.3,112.7,18,truck_large,9,359.0,9,Sat,windy,urban,0
392,21.22,39.3,37.4,10,truck_small,3,1586.0,12,Wed,clear,suburban,0
393,19.23,41.0,44.3,7,truck_large,3,656.5,2,Wed,clear,urban,0
394,39.04,97.6,86.1,8,truck_small,7,687.4,21,Wed,clear,rural,0
395,17.7,41.3,42.2,6,van,7,71.1,7,Wed,windy,suburban,0
396,46.61,137.9,108.0,22,truck_small,6,1417.0,8,Tue,rain,urban,0
397,43.06,106.9,105.0,1,van,3,270.9,21,Wed,rain,urban,0
398,22.02,47.1,30.8,4,truck_small,14,1557.1,20,Sun,clear,urban,0
399,37.79,95.4,107.4,14,van,13,1009.1,11,Wed,snow,rural,0
400,37.97,109.7,117.5,17,truck_large,7,1579.3,10,Sun,snow,urban,0
401,6.05,9.6,14.3,20,van,5,1188.7,1,Tue,rain,urban,1
402,45.23,90.1,105.3,18,van,7,210.7,17,Wed,clear,suburban,1
403,25.76,45.9,36.4,11,truck_large,2,1543.0,8,Fri,clear,urban,0
404,41.5,121.6,139.1,21,van,6,186.1,1,Fri,rain,urban,0
405,16.68,39.1,48.4,14,truck_small,14,983.5,1,Thu,rain,rural,1
406,44.88,120.0,117.7,9,truck_small,8,386.1,2,Fri,clear,urban,0
407,20.07,63.0,74.4,15,truck_large,1,1517.1,15,Mon,rain,rural,1
408,1.53,5.1,5.0,12,truck_large,4,1827.6,18,Mon,clear,rural,0
409,45.36,118.7,110.4,10,truck_large,11,1130.5,3,Mon,rain,urban,0
410,5.47,17.4,11.3,19,van,1,1077.9,22,Tue,clear,urban,0
411,16.65,36.3,31.0,24,truck_large,14,1539.7,17,Fri,clear,urban,0
412,47.55,95.0,84.4,19,truck_small,1,59.9,19,Sun,clear,suburban,0
413,47.58,105.3,117.5,6,truck_small,10,1839.6,17,Mon,clear,urban,0
414,29.1,55.0,52.4,20,van,12,435.0,9,Thu,clear,rural,0
415,31.96,80.7,84.2,24,truck_small,14,1969.0,10,Tue,snow,suburban,0
416,22.97,71.0,65.3,6,truck_large,14,1485.7,16,Thu,clear,urban,0
417,15.37,27.9,9.7,8,truck_large,11,1559.8,23,Fri,clear,suburban,0
418,17.1,37.1,39.8,1,van,8,1329.6,22,Wed,clear,urban,0
419,33.95,84.4,65.3,22,van,7,969.7,23,Thu,clear,rural,0
420,37.87,108.9,108.2,17,van,12,1164.7,19,Wed,clear,suburban,0
421,39.79,91.2,77.5,17,truck_large,10,140.5,15,Tue,clear,urban,0
422,39.69,100.2,120.1,24,truck_small,13,1266.7,19,Thu,rain,urban,1
423,5.47,10.1,19.2,15,van,1,1270.9,12,Thu,clear,rural,1
424,25.23,49.5,50.5,7,van,11,1787.8,1,Sat,rain,suburban,0
425,3.82,15.5,28.2,19,van,14,1036.0,23,Tue,clear,rural,1
426,27.93,90.9,82.4,22,van,13,200.4,1,Tue,clear,urban,0
427,22.63,38.6,44.0,23,truck_large,2,647.1,13,Mon,clear,urban,0
428,44.5,140.6,142.6,3,truck_small,4,1328.5,3,Fri,snow,urban,0
429,18.19,46.1,48.7,22,van,1,516.6,16,Thu,rain,suburban,0
430,6.74,16.2,28.9,11,truck_small,3,597.0,12,Thu,rain,urban,1
431,8.01,17.6,25.0,20,van,8,1649.9,3,Sun,clear,urban,1
432,38.31,99.2,102.1,19,truck_large,8,1189.4,2,Tue,snow,suburban,0
433,31.29,80.6,64.0,9,van,8,1041.6,11,Tue,clear,suburban,0
434,5.96,17.8,8.2,10,van,6,671.0,21,Fri,clear,urban,0
435,5.12,12.4,11.2,2,van,6,1475.3,22,Tue,rain,urban,0
436,35.35,66.7,67.6,1,truck_small,5,611.1,7,Wed,clear,suburban,0
437,4.57,8.3,5.0,16,truck_small,13,1487.3,1,Wed,windy,urban,0
438,41.27,116.3,140.4,18,truck_small,9,186.7,5,Sat,clear,urban,1
439,35.61,76.6,91.7,23,van,4,1735.9,21,Wed,windy,urban,1
440,4.99,15.9,22.0,17,van,10,1024.2,9,Wed,rain,suburban,1
441,5.16,19.9,20.6,6,van,12,905.1,11,Fri,rain,rural,0
442,49.35,97.4,95.3,14,truck_small,12,1241.5,20,Thu,clear,urban,0
443,19.34,54.1,44.6,23,van,12,1267.2,9,Wed,clear,urban,0
444,19.16,49.6,50.4,15,truck_small,7,307.5,9,Sat,windy,rural,0
445,40.83,123.0,125.6,14,truck_large,1,1524.7,22,Tue,clear,rural,0
446,47.42,94.5,82.1,24,truck_large,9,588.1,2,Wed,rain,suburban,0
447,49.31,136.1,139.4,22,van,7,1814.7,19,Sat,windy,rural,0
448,37.92,110.5,109.0,3,van,10,1644.8,9,Fri,clear,suburban,0
449,19.44,58.7,39.6,24,van,12,725.2,8,Sun,rain,suburban,0
450,5.09,13.6,5.0,23,truck_small,9,1625.1,19,Sun,rain,urban,0
451,39.08,95.2,91.0,19,truck_large,7,745.0,18,Sun,clear,urban,0
452,28.36,74.7,93.5,12,van,2,246.8,13,Tue,clear,urban,1
453,21.79,60.0,65.6,2,van,6,1925.7,1,Sat,clear,rural,0
454,45.41,118.7,105.3,3,truck_large,10,1322.6,4,Wed,clear,rural,0
455,6.45,11.9,16.7,18,truck_large,12,939.4,19,Thu,rain,suburban,1
456,25.14,75.6,60.1,1,van,11,825.7,7,Tue,clear,urban,0
457,1.56,6.3,17.1,20,truck_small,4,683.2,6,Tue,windy,urban,1
458,23.96,68.6,63.9,21,van,3,1963.8,5,Sun,clear,urban,0
459,3.76,5.0,5.0,6,van,2,312.8,10,Thu,rain,urban,0
460,6.82,16.3,29.5,5,truck_large,6,663.9,11,Sun,rain,suburban,1
461,6.76,13.6,5.0,1,truck_large,8,996.7,17,Tue,clear,rural,0
462,32.81,86.2,72.2,19,truck_small,6,982.1,18,Wed,clear,urban,0
463,37.56,75.7,69.9,1,van,9,969.2,9,Sun,rain,urban,0
464,29.59,79.9,90.3,21,truck_large,14,392.8,20,Sun,snow,suburban,0
465,48.15,153.2,138.1,21,van,5,332.6,13,Sun,clear,urban,0
466,19.37,30.2,5.0,16,van,2,546.8,2,Tue,clear,rural,0
467,15.0,49.4,44.9,12,truck_small,8,1833.3,17,Wed,clear,urban,0
468,43.56,99.5,105.0,22,van,9,270.5,23,Thu,clear,urban,0
469,11.96,36.3,48.3,8,truck_small,14,1527.0,14,Mon,rain,urban,1
470,48.2,140.4,135.8,16,truck_small,10,1527.2,5,Thu,snow,urban,0
471,1.6,8.2,5.0,1,van,4,1629.1,9,Wed,clear,suburban,0
472,48.52,133.6,145.1,4,van,6,1778.9,11,Fri,windy,urban,0
473,3.11,5.0,5.0,10,van,11,562.9,6,Sun,clear,urban,0
474,44.67,106.2,102.3,11,van,10,487.9,16,Thu,rain,urban,0
475,26.86,66.0,68.0,17,truck_small,8,957.7,0,Fri,clear,urban,0
476,49.66,139.5,144.0,23,truck_large,9,566.9,17,Fri,clear,urban,0
477,4.62,14.2,9.1,7,van,12,1481.9,14,Wed,clear,suburban,0
478,28.14,79.2,79.6,12,van,5,1290.1,18,Wed,clear,suburban,0
479,48.5,143.9,119.0,21,truck_small,12,1756.2,0,Sun,rain,rural,0
480,26.63,61.3,54.7,7,truck_large,6,211.3,4,Mon,rain,urban,0
481,31.84,95.2,99.7,12,van,11,1834.4,14,Sat,clear,urban,0
482,35.09,70.6,60.8,15,van,4,622.0,2,Tue,snow,urban,0
483,23.27,62.8,63.4,2,truck_small,5,1006.9,0,Thu,clear,urban,0
484,31.75,65.7,70.2,14,van,7,905.3,7,Wed,rain,suburban,0
485,29.63,68.0,64.6,13,van,9,1532.6,11,Thu,clear,rural,0
486,45.16,102.9,104.6,4,truck_small,10,869.6,21,Sat,clear,suburban,0
487,3.23,7.5,5.0,14,truck_small,11,1889.9,18,Sat,clear,urban,0
488,14.77,35.7,33.6,14,truck_small,13,1809.9,11,Sun,rain,urban,0
489,47.57,109.4,115.5,16,truck_small,6,1750.7,12,Fri,rain,rural,0
490,44.62,107.1,108.7,7,truck_small,14,189.0,0,Sun,clear,urban,0
491,23.33,48.2,42.3,19,van,6,1715.8,18,Tue,clear,urban,0
492,31.39,73.4,75.6,2,van,8,1574.2,5,Mon,clear,rural,0
493,14.59,28.4,35.6,10,van,11,251.9,7,Thu,rain,suburban,1
494,10.22,22.8,5.0,18,van,4,259.5,3,Tue,rain,suburban,0
495,23.72,62.7,74.3,17,truck_small,3,247.3,4,Mon,clear,urban,1
496,18.31,50.1,46.7,5,truck_large,14,72.1,21,Thu,clear,urban,0
497,29.6,78.0,82.2,12,truck_large,7,1119.8,6,Tue,rain,urban,0
498,4.81,12.2,24.2,6,truck_small,5,1948.1,22,Wed,clear,suburban,1
499,48.75,116.1,102.4,22,van,2,905.4,3,Thu,clear,urban,0
500,49.32,145.8,138.7,9,van,2,1104.5,19,Tue,clear,rural,0
501,35.21,87.0,84.1,20,truck_large,11,1937.5,3,Sat,clear,rural,0
502,27.27,66.5,58.6,1,truck_small,6,547.6,14,Mon,clear,suburban,0
503,16.17,25.6,43.0,22,truck_small,8,1724.0,20,Tue,rain,urban,1
504,40.88,90.7,82.1,15,truck_small,1,1115.5,4,Wed,clear,urban,0
505,34.55,79.2,73.6,21,truck_small,11,1160.5,23,Sun,rain,suburban,0
506,8.97,23.8,25.8,6,truck_large,6,719.2,8,Thu,clear,suburban,0
507,45.64,120.0,108.0,19,van,12,1145.1,1,Thu,snow,suburban,0
508,41.3,105.8,101.8,18,truck_small,2,192.6,6,Thu,rain,urban,0
509,47.54,128.6,131.8,6,truck_large,2,1541.1,16,Wed,rain,suburban,0
510,36.56,104.5,101.2,13,van,7,605.1,15,Mon,clear,suburban,0
511,31.06,92.4,91.5,1,truck_small,10,1780.8,16,Thu,clear,urban,0
512,21.49,60.0,54.7,23,van,1,767.3,19,Mon,clear,suburban,0
513,46.7,147.3,132.2,23,truck_large,6,328.5,22,Tue,rain,suburban,0
514,43.44,77.6,80.8,13,van,14,1407.0,1,Sat,clear,urban,0
515,3.22,5.0,22.5,7,truck_small,7,370.9,10,Sat,windy,urban,1
516,2.29,5.0,5.2,15,van,14,1519.7,1,Mon,windy,suburban,0
517,19.45,56.9,59.2,12,truck_small,8,1937.8,0,Mon,clear,urban,0
518,40.72,127.3,134.2,1,van,7,1570.1,1,Sat,windy,suburban,0
519,49.38,108.6,95.9,15,van,6,93.8,22,Thu,clear,suburban,0
520,8.37,29.6,46.7,4,van,9,1219.8,8,Fri,clear,rural,1
521,30.11,57.0,59.0,13,truck_large,13,1406.1,21,Fri,clear,suburban,0
522,19.66,61.7,78.0,23,van,3,1659.6,1,Wed,rain,urban,1
523,48.53,109.4,102.1,5,van,11,159.2,14,Sun,clear,urban,0
524,42.26,81.1,99.3,2,truck_small,6,986.2,9,Sat,windy,rural,1
525,42.08,106.2,114.0,23,truck_small,4,1094.0,14,Sat,clear,urban,0
526,23.97,55.4,60.9,1,truck_large,2,379.8,9,Wed,clear,suburban,0
527,21.33,46.5,48.8,16,van,1,678.8,22,Fri,snow,suburban,0
528,14.4,30.8,28.3,23,truck_small,12,908.4,16,Tue,clear,urban,0
529,3.76,11.0,23.0,6,van,12,1674.8,8,Thu,clear,urban,1
530,43.37,112.6,114.0,23,van,14,1862.3,17,Thu,rain,suburban,0
531,40.83,87.0,67.3,16,truck_small,1,1275.4,3,Tue,clear,rural,0
532,49.99,125.8,114.6,14,truck_small,11,820.1,8,Tue,clear,urban,0
533,49.84,138.0,136.2,3,truck_small,10,545.4,15,Fri,clear,rural,0
534,28.22,57.9,61.0,15,van,3,1965.2,3,Wed,clear,suburban,0
535,38.68,90.5,89.9,3,van,4,1966.9,15,Tue,windy,rural,0
536,47.29,92.7,104.9,23,van,2,1853.7,18,Wed,snow,urban,0
537,42.63,86.2,66.7,2,truck_large,13,1582.1,0,Sun,clear,urban,0
538,13.12,40.5,41.9,1,van,12,685.3,22,Mon,clear,rural,0
539,23.08,48.4,30.2,9,van,11,1643.2,5,Thu,clear,rural,0
540,7.33,19.5,27.1,9,van,11,847.1,9,Fri,windy,urban,1
541,47.75,135.2,134.3,23,truck_small,14,687.2,15,Thu,clear,suburban,0
542,30.7,56.4,60.6,7,van,11,1502.5,3,Fri,clear,rural,0
543,12.2,34.8,26.1,3,truck_large,1,205.3,21,Mon,rain,urban,0
544,33.91,73.0,85.8,18,van,4,144.7,21,Thu,windy,suburban,1
545,31.29,100.5,110.9,11,truck_large,7,923.5,12,Mon,clear,rural,0
546,18.55,42.7,48.6,7,van,10,919.0,15,Fri,clear,urban,0
547,6.56,14.5,13.3,9,truck_small,11,1796.5,19,Tue,clear,urban,0
548,33.91,89.6,95.4,1,truck_large,6,296.0,5,Sun,clear,suburban,0
549,26.5,50.4,43.4,14,van,6,290.4,10,Thu,rain,urban,0
550,38.84,101.6,110.2,20,truck_large,11,337.5,23,Mon,rain,urban,0
551,26.49,80.4,96.9,6,van,9,108.0,2,Sat,rain,rural,1
552,42.76,116.4,127.1,7,truck_large,14,189.9,19,Thu,clear,suburban,0
553,28.04,79.1,71.8,10,truck_small,2,1336.7,9,Thu,clear,rural,0
554,28.49,91.5,95.1,7,van,4,891.6,0,Thu,clear,rural,0
555,43.96,90.5,77.5,2,van,5,1539.0,19,Wed,clear,urban,0
556,20.77,45.5,51.2,4,van,1,1985.6,10,Mon,rain,urban,0
557,7.57,19.1,23.6,21,van,8,1335.1,11,Mon,clear,urban,1
558,2.41,7.5,5.0,17,van,8,148.4,13,Thu,clear,urban,0
559,38.0,111.4,99.8,1,van,6,253.9,7,Tue,clear,suburban,0
560,31.4,95.6,92.8,10,van,12,1768.0,10,Thu,clear,suburban,0
561,35.5,81.6,78.6,19,truck_small,5,1078.6,3,Wed,clear,urban,0
562,11.44,21.4,9.3,15,van,8,1658.4,6,Fri,snow,urban,0
563,7.68,24.4,28.3,10,van,3,1720.4,9,Wed,clear,urban,1
564,1.71,5.0,7.5,19,truck_small,3,1859.0,18,Tue,rain,suburban,1
565,18.18,53.0,51.0,12,van,2,1902.2,3,Thu,clear,urban,0
566,29.91,68.6,61.0,24,van,5,1131.9,1,Mon,clear,urban,0
567,20.22,47.6,58.1,16,van,3,715.0,20,Sun,windy,suburban,1
568,22.44,42.8,59.4,9,truck_large,3,1925.6,17,Sat,clear,urban,1
569,45.3,128.3,123.5,15,truck_large,6,1117.4,13,Thu,rain,urban,0
570,18.06,46.3,40.2,17,van,8,175.3,15,Tue,clear,suburban,0
571,26.19,68.6,73.5,14,truck_small,2,1303.4,21,Mon,clear,urban,0
572,39.4,79.4,75.8,18,truck_small,4,1196.0,10,Wed,rain,suburban,0
573,20.43,57.9,56.5,2,truck_small,11,1796.8,9,Fri,snow,urban,0
574,31.48,96.3,103.7,4,truck_small,7,1323.7,16,Fri,snow,urban,0
575,43.26,87.5,68.4,18,truck_small,1,730.7,13,Sun,rain,urban,0
576,47.53,95.3,108.4,7,van,1,1934.1,21,Thu,clear,rural,0
577,8.21,17.2,17.9,13,van,12,1613.2,3,Wed,rain,suburban,0
578,46.4,127.4,123.3,15,van,13,1279.3,18,Sun,rain,rural,0
579,25.11,67.9,67.0,23,truck_large,10,621.2,1,Sat,clear,suburban,0
580,13.65,35.1,34.7,22,truck_small,7,778.4,6,Sat,clear,suburban,0
581,23.5,51.9,34.6,1,truck_large,14,1356.4,8,Sun,snow,urban,0
582,49.02,116.8,131.8,11,truck_large,7,190.4,18,Tue,clear,urban,0
583,25.14,65.1,65.5,10,van,1,550.5,15,Fri,clear,urban,0
584,17.11,41.0,45.4,5,truck_small,1,1442.1,21,Wed,snow,urban,0
585,32.04,102.3,111.8,16,truck_small,4,986.0,15,Thu,clear,urban,0
586,12.77,30.1,19.9,11,truck_large,5,834.7,17,Mon,clear,urban,0
587,4.72,9.4,14.1,21,truck_large,5,345.3,22,Thu,rain,urban,1
588,7.32,12.9,10.2,6,truck_small,4,911.6,20,Thu,clear,urban,0
589,7.27,17.9,26.4,9,van,8,1552.8,20,Wed,rain,urban,1
590,8.44,23.8,5.0,13,truck_small,7,564.8,10,Fri,clear,suburban,0
591,7.8,22.1,21.1,24,van,9,60.5,6,Wed,clear,rural,0
592,32.4,104.0,98.0,8,truck_small,7,1353.6,8,Mon,clear,urban,0
593,9.91,18.9,23.3,14,truck_large,10,1946.6,3,Sun,windy,urban,1
594,17.94,39.4,44.1,24,van,1,1233.3,12,Wed,clear,urban,0
595,44.94,121.7,114.6,1,truck_small,13,283.8,3,Tue,clear,rural,0
596,24.22,60.7,53.6,17,van,14,675.4,18,Thu,clear,urban,0
597,33.71,73.3,72.2,24,van,7,1741.9,1,Fri,clear,suburban,0
598,9.44,13.1,5.0,5,van,1,503.5,8,Sat,clear,urban,0
599,10.42,19.5,27.9,2,truck_small,7,1235.0,11,Mon,clear,urban,1
600,3.0,14.1,10.4,24,truck_large,10,835.2,1,Sat,clear,urban,0
601,9.28,19.3,5.0,9,truck_large,8,455.3,5,Thu,clear,urban,0
602,14.65,33.7,29.9,4,van,11,1636.1,4,Wed,rain,rural,0
603,9.67,16.7,6.3,17,truck_large,9,1498.5,4,Sat,rain,urban,0
604,5.35,10.4,5.0,17,truck_small,12,1340.1,19,Tue,clear,suburban,0
605,6.91,12.0,5.0,21,van,3,510.9,21,Wed,clear,suburban,0
606,23.58,58.6,59.7,18,van,4,240.8,4,Thu,rain,suburban,0
607,11.11,24.9,38.2,16,van,4,1173.5,3,Sat,rain,urban,1
608,18.85,56.7,59.9,8,truck_large,12,1129.7,8,Sun,clear,urban,0
609,25.67,51.3,45.2,11,truck_small,9,417.4,21,Mon,windy,urban,0
610,34.83,89.8,94.3,21,truck_small,13,159.7,9,Sat,clear,urban,0
611,2.93,10.4,5.8,21,van,7,207.4,15,Sun,clear,suburban,0
612,40.17,112.3,105.4,18,truck_small,3,1985.9,9,Sun,clear,urban,0
613,31.77,85.6,74.1,23,van,10,1578.0,9,Sat,windy,suburban,0
614,5.01,8.2,5.0,24,van,5,1847.9,18,Fri,clear,urban,0
615,43.81,96.8,93.0,10,truck_small,7,430.4,9,Sat,rain,rural,0
616,46.12,122.5,124.1,13,van,8,1923.1,5,Thu,clear,urban,0
617,3.99,12.0,11.1,17,truck_large,1,328.2,16,Sun,clear,urban,0
618,14.57,41.1,37.0,18,van,12,1042.7,4,Mon,clear,rural,0
619,40.5,107.5,98.0,10,truck_small,2,1667.9,5,Thu,snow,urban,0
620,37.66,106.1,112.2,16,van,7,732.1,23,Tue,clear,rural,0
621,10.04,23.7,10.5,20,truck_small,11,878.4,14,Wed,clear,urban,0
622,11.26,21.7,29.4,5,van,13,300.0,18,Sat,clear,urban,1
623,19.15,47.0,37.0,13,van,14,289.7,17,Fri,snow,suburban,0
624,24.74,84.0,76.4,18,truck_large,13,1258.2,3,Mon,clear,rural,0
625,31.29,59.2,44.5,17,van,2,1367.3,7,Fri,clear,urban,0
626,19.08,53.3,48.3,9,truck_large,7,1565.8,15,Fri,clear,rural,0
627,23.66,55.3,65.1,14,truck_large,9,1135.5,23,Fri,windy,suburban,1
628,37.63,96.0,101.1,17,van,11,1309.2,18,Sat,snow,rural,0
629,2.8,5.0,14.8,4,van,2,76.4,19,Mon,rain,urban,1
630,13.37,31.4,36.6,18,truck_small,7,366.2,2,Mon,clear,urban,1
631,35.95,102.2,91.2,20,truck_large,4,1970.6,9,Sun,clear,rural,0
632,44.87,106.7,103.4,24,truck_large,11,198.2,1,Fri,windy,rural,0
633,26.07,64.6,56.8,24,truck_small,13,1373.6,3,Sun,clear,urban,0
634,27.07,83.5,96.8,15,truck_small,2,393.4,5,Sun,clear,urban,1
635,6.25,15.1,5.0,11,van,13,1447.6,10,Wed,clear,urban,0
636,22.92,48.0,56.9,12,truck_large,7,1426.7,13,Sat,windy,suburban,1
637,27.1,62.6,71.6,9,truck_large,13,506.7,15,Sat,clear,urban,0
638,12.88,27.7,46.0,13,van,5,575.8,20,Thu,rain,urban,1
639,14.19,40.5,36.4,15,van,1,1326.8,18,Sun,snow,urban,0
640,19.49,61.8,68.9,15,van,5,810.7,1,Sat,clear,suburban,0
641,1.98,11.1,34.0,5,van,12,429.4,16,Fri,clear,urban,1
642,16.78,45.9,39.7,23,truck_large,12,1476.8,8,Tue,windy,urban,0
643,11.36,29.3,14.0,19,van,3,350.6,16,Fri,windy,suburban,0
644,17.05,43.6,24.8,20,van,7,1718.5,14,Mon,snow,suburban,0
645,6.87,14.5,21.6,14,van,6,1053.6,6,Sat,rain,urban,1
646,44.64,127.6,108.8,17,truck_large,8,256.1,21,Sat,clear,urban,0
647,30.09,57.6,53.9,18,truck_small,13,1403.4,22,Thu,windy,suburban,0
648,34.28,102.8,107.2,21,van,5,1062.4,18,Sun,clear,rural,0
649,39.67,120.3,122.1,3,van,2,631.2,2,Tue,snow,suburban,0
650,25.42,70.4,74.7,2,truck_large,9,874.0,0,Sat,windy,rural,0
651,5.26,11.9,14.1,1,truck_large,14,631.8,3,Thu,rain,suburban,1
652,27.32,56.9,69.7,10,van,11,562.9,17,Thu,snow,suburban,1
653,29.76,61.7,52.1,19,van,8,369.0,7,Tue,rain,urban,0
654,37.53,87.9,81.1,17,van,6,757.4,18,Fri,clear,urban,0
655,22.15,47.0,39.3,12,van,13,539.4,22,Fri,rain,urban,0
656,7.25,23.6,31.9,1,truck_small,10,1382.7,22,Fri,clear,urban,1
657,14.91,37.5,46.5,12,truck_large,7,1383.6,5,Wed,clear,suburban,1
658,18.79,41.9,46.4,17,van,9,1028.6,0,Sun,clear,urban,0
659,32.65,73.2,85.0,24,truck_large,7,1567.0,7,Sun,clear,suburban,1
660,28.97,72.1,60.3,3,van,3,1690.6,0,Fri,snow,urban,0
661,18.45,51.4,68.0,11,truck_small,6,1180.5,18,Tue,windy,urban,1
662,49.34,123.1,138.3,17,truck_small,11,1256.9,10,Wed,clear,rural,0
663,30.68,93.3,100.7,23,van,13,601.6,20,Sun,clear,urban,0
664,12.62,32.3,50.1,3,van,11,1795.0,23,Fri,clear,urban,1
665,5.99,17.8,5.0,8,truck_small,7,97.2,14,Wed,windy,urban,0
666,8.49,25.2,20.0,20,van,2,729.8,22,Tue,clear,rural,0
667,13.05,33.6,26.2,4,van,3,1457.5,10,Fri,rain,urban,0
668,8.87,26.8,34.0,21,truck_small,4,206.2,18,Mon,windy,suburban,1
669,10.14,18.8,8.3,22,truck_large,10,407.2,20,Sat,clear,urban,0
670,14.97,42.1,49.7,7,van,6,1199.1,9,Tue,windy,suburban,1
671,9.5,24.4,38.1,14,truck_large,1,1142.0,23,Thu,windy,urban,1
672,44.94,135.6,142.5,14,van,9,1490.9,11,Thu,windy,suburban,0
673,4.93,12.9,15.8,4,truck_small,5,1634.6,0,Tue,clear,rural,1
674,26.7,82.1,72.3,16,truck_small,13,300.7,23,Thu,clear,suburban,0
675,21.11,65.6,57.1,24,truck_large,12,85.8,6,Sun,snow,suburban,0
676,49.14,107.6,120.1,22,van,14,1394.8,16,Tue,clear,suburban,0
677,6.49,6.8,14.6,1,truck_small,7,637.7,9,Mon,rain,suburban,1
678,20.49,51.5,51.1,17,truck_small,9,1270.7,5,Tue,clear,urban,0
679,48.5,97.0,92.8,10,van,9,343.6,16,Fri,clear,suburban,0
680,43.41,122.7,102.5,22,van,1,964.6,17,Fri,clear,urban,0
681,41.04,87.8,77.1,16,van,1,1033.6,4,Wed,rain,urban,0
682,13.64,45.9,65.0,16,van,3,1190.9,17,Thu,clear,urban,1
683,9.37,21.6,8.8,8,truck_large,6,1050.7,16,Sat,rain,urban,0
684,33.76,101.8,103.7,7,van,2,1016.6,21,Thu,clear,urban,0
685,46.54,92.4,102.5,6,van,10,698.8,15,Sun,rain,suburban,0
686,28.28,82.2,69.6,16,truck_small,12,188.8,7,Tue,rain,urban,0
687,29.01,88.5,90.3,20,van,11,224.6,23,Sat,clear,urban,0
688,14.72,38.6,48.0,16,truck_small,1,895.9,12,Sat,clear,suburban,1
689,38.71,102.9,103.0,7,van,1,743.8,23,Thu,clear,urban,0
690,10.17,30.9,59.6,9,truck_large,13,1056.5,15,Sat,clear,suburban,1
691,16.86,40.4,23.7,14,truck_large,5,644.4,10,Sat,rain,suburban,0
692,21.85,50.0,60.6,11,truck_large,4,1391.4,5,Fri,clear,rural,1
693,25.87,65.9,64.1,14,van,1,1734.7,2,Mon,clear,suburban,0
694,12.88,26.1,33.9,7,truck_small,4,632.8,0,Tue,rain,urban,1
695,6.63,12.6,17.1,1,van,3,426.3,17,Thu,clear,urban,1
696,30.92,54.6,47.3,13,van,2,276.6,4,Fri,windy,urban,0
697,15.14,27.2,29.5,20,van,9,1251.7,12,Sun,clear,rural,0
698,29.48,61.4,42.8,3,truck_small,14,915.5,9,Sun,windy,urban,0
699,8.56,26.6,32.6,20,van,11,416.6,4,Wed,clear,urban,1
700,24.58,67.7,70.7,4,truck_small,1,1323.6,13,Sat,clear,urban,0
701,27.1,81.1,87.5,11,van,7,339.5,16,Sat,clear,rural,0
702,3.54,8.5,19.1,2,van,14,1130.9,0,Thu,clear,urban,1
703,17.49,35.4,39.0,14,truck_small,13,1077.9,1,Mon,clear,rural,0
704,7.59,20.1,21.6,12,van,4,1481.7,6,Mon,clear,urban,0
705,4.11,12.6,5.0,17,truck_small,5,157.5,9,Thu,rain,urban,0
706,49.51,95.2,88.1,12,van,10,1781.4,19,Thu,clear,urban,0
707,16.8,37.5,49.4,12,truck_large,5,1420.8,6,Fri,rain,rural,1
708,40.68,86.1,100.5,1,truck_small,1,471.4,23,Sun,clear,rural,1
709,13.48,37.3,34.9,13,van,6,407.6,15,Thu,windy,urban,0
710,34.39,94.4,94.9,14,van,13,891.7,4,Sun,clear,urban,0
711,38.25,80.7,71.7,24,truck_small,9,1644.3,11,Wed,clear,suburban,0
712,30.19,53.7,65.4,2,truck_large,2,1693.8,16,Sun,clear,urban,1
713,24.11,71.8,78.4,12,van,7,1064.9,15,Fri,clear,urban,0
714,21.18,55.3,74.7,21,van,6,1728.6,19,Sat,clear,urban,1
715,18.09,28.7,19.9,16,truck_large,5,60.6,15,Sat,clear,urban,0
716,46.55,149.6,145.8,4,truck_small,4,118.6,18,Sun,rain,urban,0
717,41.7,76.9,79.2,8,van,4,1828.1,14,Sat,windy,urban,0
718,48.29,133.7,140.1,2,van,6,1561.9,11,Sat,clear,urban,0
719,7.09,23.6,21.4,10,van,4,928.9,20,Tue,windy,rural,0
720,36.81,77.1,68.4,9,truck_small,5,1519.5,9,Wed,windy,urban,0
721,46.98,91.9,100.7,23,van,13,1913.5,21,Fri,snow,suburban,0
722,9.88,19.6,26.8,15,truck_large,6,1555.6,1,Fri,clear,urban,1
723,4.26,6.2,5.0,13,van,5,1692.6,6,Sat,clear,suburban,0
724,37.31,69.2,82.7,23,van,7,1533.2,12,Mon,clear,urban,1
725,29.15,82.8,94.5,17,truck_small,9,378.0,2,Fri,rain,suburban,0
726,42.25,76.3,77.6,16,truck_large,10,1675.5,14,Wed,clear,urban,0
727,7.85,21.7,22.5,2,truck_large,7,430.5,0,Thu,clear,rural,0
728,39.97,129.1,134.6,20,van,7,1790.6,2,Wed,clear,urban,0
729,10.88,26.8,18.2,20,truck_small,4,944.4,9,Sat,clear,urban,0
730,9.02,22.0,22.3,14,truck_small,1,1370.1,14,Sat,rain,rural,0
731,9.05,23.8,5.0,3,van,14,1019.6,21,Tue,clear,suburban,0
732,40.91,106.4,115.2,23,van,8,233.3,5,Sun,rain,urban,0
733,33.59,83.9,68.2,12,van,4,616.9,19,Fri,rain,rural,0
734,26.63,65.2,80.2,8,van,1,1968.3,14,Sun,clear,urban,1
735,18.58,39.2,35.9,2,truck_large,5,1923.4,23,Sun,clear,urban,0
736,43.98,133.0,130.9,4,van,14,674.9,20,Fri,rain,rural,0
737,20.23,47.4,41.1,14,truck_large,14,1992.8,6,Fri,clear,urban,0
738,41.01,89.3,86.4,16,truck_small,8,1698.8,20,Sat,clear,rural,0
739,22.52,57.3,71.5,19,truck_small,4,1241.4,4,Fri,clear,urban,1
740,19.47,49.3,24.4,2,truck_small,13,128.2,3,Mon,rain,suburban,0
741,23.67,70.3,83.1,12,van,12,1807.8,21,Mon,rain,suburban,1
742,15.77,42.2,45.5,14,van,8,1137.0,17,Thu,clear,rural,0
743,37.63,105.8,93.7,6,van,8,1743.5,2,Fri,clear,suburban,0
744,25.63,48.1,37.3,13,truck_small,3,1677.1,16,Tue,clear,urban,0
745,12.38,30.8,47.5,4,van,9,1674.4,17,Thu,snow,suburban,1
746,45.08,115.7,106.3,22,truck_small,3,1411.4,17,Sat,clear,urban,0
747,19.81,38.1,26.6,18,van,1,618.3,23,Fri,snow,suburban,0
748,27.63,55.3,66.6,12,van,2,705.5,23,Mon,clear,rural,1
749,45.42,133.3,136.6,20,van,6,651.5,1,Tue,rain,urban,0
750,31.59,59.9,50.6,22,truck_large,12,89.1,12,Thu,clear,suburban,0
751,6.73,16.0,18.2,21,truck_small,10,1186.0,21,Tue,rain,urban,0
752,47.05,99.6,89.4,19,van,2,1412.7,14,Fri,clear,urban,0
753,31.76,63.7,74.7,8,truck_small,6,1715.0,4,Wed,rain,urban,1
754,17.41,46.5,57.2,7,van,14,323.3,2,Tue,clear,suburban,1
755,7.82,26.6,31.9,16,truck_large,1,1111.2,4,Tue,clear,urban,1
756,39.91,116.1,119.7,19,truck_small,11,65.6,4,Sat,clear,suburban,0
757,31.38,100.2,117.9,6,van,13,235.4,4,Mon,snow,urban,1
758,27.14,70.1,70.0,20,truck_small,1,155.7,2,Fri,rain,suburban,0
759,44.8,86.6,74.7,21,van,5,1464.7,2,Tue,clear,urban,0
760,39.64,107.1,111.6,11,truck_large,10,208.1,19,Fri,rain,rural,0
761,8.43,21.2,42.1,5,van,13,1447.1,22,Mon,rain,urban,1
762,16.27,50.0,39.9,16,truck_small,11,536.8,17,Sat,windy,suburban,0
763,13.18,27.5,23.9,7,van,9,1761.5,19,Fri,snow,urban,0
764,37.45,94.3,98.4,5,truck_small,14,1635.6,3,Sun,rain,suburban,0
765,2.64,7.8,7.3,11,truck_small,8,1917.8,0,Mon,clear,urban,0
766,28.92,63.3,53.5,15,truck_small,3,1773.3,15,Mon,rain,suburban,0
767,38.36,107.0,118.2,3,truck_small,3,1870.0,7,Thu,rain,urban,0
768,43.96,105.1,128.3,5,truck_large,1,1724.5,16,Sat,windy,suburban,1
769,17.76,42.6,44.6,23,van,14,1402.1,7,Sat,clear,urban,0
770,41.24,99.3,90.3,21,van,3,382.0,6,Sun,clear,urban,0
771,6.42,17.1,5.0,5,van,14,579.8,7,Fri,clear,urban,0
772,42.48,128.2,130.8,9,truck_large,12,464.8,20,Wed,rain,urban,0
773,7.25,22.1,33.1,15,van,12,1227.0,23,Sun,windy,urban,1
774,20.47,66.2,71.0,3,truck_small,12,1032.1,11,Thu,clear,rural,0
775,40.07,113.0,113.0,6,truck_small,13,1740.8,15,Sat,rain,rural,0
776,8.35,17.6,11.7,17,van,11,1907.7,11,Mon,rain,suburban,0
777,12.23,35.9,25.0,21,van,1,839.5,18,Sat,rain,urban,0
778,36.39,90.3,98.7,8,van,8,1037.4,9,Sun,clear,urban,0
779,36.28,77.4,86.5,21,van,1,1944.5,6,Wed,snow,suburban,0
780,32.42,96.3,80.8,11,van,5,588.7,11,Tue,clear,urban,0
781,35.0,60.3,76.2,6,van,9,1595.2,19,Tue,rain,rural,1
782,27.59,83.4,89.2,8,truck_large,7,489.2,4,Sat,clear,urban,0
783,13.34,35.3,49.3,10,truck_large,4,1378.8,15,Sat,clear,rural,1
784,17.94,50.0,36.6,24,van,11,544.6,8,Thu,snow,urban,0
785,9.9,28.5,14.8,3,van,9,1773.3,6,Sat,clear,suburban,0
786,45.51,139.1,137.6,23,van,9,1144.9,19,Wed,clear,urban,0
787,29.59,79.7,84.7,14,truck_small,2,412.6,21,Sat,rain,rural,0
788,20.64,52.9,70.9,23,truck_large,10,487.5,13,Fri,clear,urban,1
789,23.64,46.9,53.9,14,van,10,1013.0,10,Sun,clear,suburban,1
790,47.42,121.0,118.6,10,van,11,1925.1,6,Wed,clear,rural,0
791,8.51,18.6,8.3,12,truck_small,12,1550.8,9,Thu,clear,urban,0
792,29.73,82.6,94.9,6,truck_small,6,1002.2,8,Fri,clear,urban,0
793,25.79,58.5,48.8,12,van,4,708.6,3,Fri,clear,urban,0
794,30.96,88.5,104.8,23,truck_small,8,1121.1,15,Sun,windy,urban,1
795,1.89,5.0,5.0,14,van,12,1509.3,9,Tue,clear,urban,0
796,43.73,81.3,97.2,2,van,11,1578.7,18,Wed,clear,urban,1
797,46.67,132.9,139.7,9,truck_small,7,683.0,23,Sun,clear,urban,0
798,28.69,53.4,52.0,10,truck_large,7,1456.3,16,Fri,clear,suburban,0
799,35.14,69.9,64.7,17,van,11,1332.7,8,Thu,rain,suburban,0
800,46.2,85.8,82.4,17,truck_large,10,1920.3,12,Sun,rain,urban,0
801,35.65,114.0,118.2,3,van,9,1865.6,0,Tue,clear,rural,0
802,8.47,19.9,20.7,19,truck_small,13,1589.3,1,Fri,clear,rural,0
803,29.24,70.7,64.8,1,van,5,1460.6,12,Sun,clear,suburban,0
804,30.73,68.9,67.2,12,truck_large,6,584.4,23,Wed,rain,urban,0
805,21.78,48.8,49.5,7,truck_large,1,1699.6,8,Tue,rain,urban,0
806,37.09,107.4,86.1,4,van,6,883.6,6,Wed,clear,suburban,0
807,46.78,122.2,126.8,10,truck_large,2,580.9,15,Wed,clear,suburban,0
808,46.35,96.7,86.9,13,truck_large,6,799.1,18,Wed,rain,urban,0
809,23.09,44.1,32.6,2,truck_small,9,1680.1,6,Sun,snow,suburban,0
810,6.55,8.6,5.0,10,van,8,339.8,5,Tue,windy,urban,0
811,49.26,129.6,111.7,21,truck_large,9,939.5,17,Sun,clear,urban,0
812,42.11,124.2,110.6,22,truck_large,13,1010.1,18,Sun,clear,suburban,0
813,7.11,13.5,6.5,4,van,10,121.4,10,Sun,clear,suburban,0
814,46.12,89.0,108.5,18,truck_large,8,431.7,11,Fri,rain,urban,1
815,43.62,81.9,76.7,5,van,3,1662.1,9,Sat,windy,suburban,0
816,26.42,78.2,80.0,19,van,8,1670.0,12,Mon,clear,rural,0
817,29.97,63.0,67.0,2,truck_small,6,620.2,11,Fri,clear,suburban,0
818,20.55,62.8,64.1,12,truck_small,13,1756.0,20,Tue,clear,suburban,0
819,3.68,9.4,8.6,17,truck_small,6,1555.0,9,Mon,clear,urban,0
820,17.42,39.0,27.1,10,van,6,864.9,19,Mon,clear,urban,0
821,40.34,84.7,99.2,2,truck_large,3,1509.4,17,Mon,rain,urban,1
822,1.23,5.0,23.1,6,van,10,1924.6,3,Sat,clear,suburban,1
823,17.34,49.5,32.7,8,van,1,945.0,23,Sun,clear,suburban,0
824,20.51,63.5,53.3,19,van,12,514.9,4,Thu,rain,urban,0
825,27.33,72.8,70.0,11,truck_small,14,1886.5,4,Tue,clear,urban,0
826,46.07,113.2,103.5,12,truck_large,4,1227.3,11,Sat,clear,urban,0
827,17.97,32.2,37.2,9,truck_small,10,255.3,2,Sat,clear,urban,1
828,18.0,57.6,50.3,2,truck_large,12,1166.7,7,Thu,snow,rural,0
829,37.14,105.5,127.1,8,van,6,1026.1,21,Mon,rain,suburban,1
830,23.16,48.3,60.2,11,truck_small,11,1718.4,1,Sun,clear,urban,1
831,12.01,39.1,41.3,21,van,12,1084.9,17,Thu,clear,suburban,0
832,23.17,61.1,71.4,4,van,10,547.7,8,Thu,clear,suburban,1
833,7.9,20.8,31.8,10,van,2,1367.5,12,Sat,rain,suburban,1
834,9.64,25.2,19.5,21,truck_small,7,1108.0,6,Tue,rain,urban,0
835,25.42,74.0,65.8,20,truck_small,7,504.4,9,Wed,snow,urban,0
836,21.53,55.8,56.6,16,truck_small,11,1168.6,8,Sun,clear,urban,0
837,45.83,93.4,102.0,8,van,4,1652.0,21,Thu,windy,rural,0
838,18.76,45.8,47.1,4,van,4,105.7,14,Sun,windy,suburban,0
839,29.45,85.7,70.0,10,truck_small,1,1280.2,4,Thu,snow,suburban,0
840,31.98,64.8,56.8,12,van,13,731.7,11,Mon,rain,urban,0
841,1.64,5.0,5.0,14,truck_large,2,620.7,0,Sun,clear,urban,0
842,33.51,78.6,77.9,16,truck_small,9,815.5,11,Mon,clear,urban,0
843,9.72,23.2,43.0,22,van,10,716.9,21,Sat,clear,rural,1
844,48.09,123.5,109.6,18,truck_large,8,1672.9,5,Mon,clear,urban,0
845,8.28,23.1,28.1,21,truck_small,8,585.9,18,Sun,rain,urban,1
846,21.32,42.5,57.4,22,van,9,1479.6,18,Fri,rain,rural,1
847,5.18,10.8,33.5,21,truck_small,7,233.4,15,Sun,windy,suburban,1
848,49.85,103.7,99.7,12,van,13,1905.2,18,Thu,clear,suburban,0
849,25.61,75.7,80.6,18,truck_large,9,1263.5,2,Mon,clear,urban,0
850,30.17,82.1,87.8,7,truck_large,10,1428.1,22,Tue,rain,suburban,0
851,4.29,7.8,9.8,20,truck_large,12,631.2,9,Fri,clear,urban,1
852,37.75,110.3,109.3,24,truck_small,2,853.6,17,Sat,clear,suburban,0
853,11.29,39.0,43.3,23,van,6,486.4,12,Wed,windy,urban,0
854,45.0,138.4,113.0,7,truck_small,3,1868.4,17,Thu,rain,urban,0
855,11.05,30.2,37.0,9,van,11,1001.8,2,Thu,clear,suburban,1
856,10.34,24.8,26.0,1,truck_small,6,1279.4,22,Tue,snow,suburban,0
857,2.79,10.4,8.2,6,truck_small,3,1481.8,2,Wed,rain,suburban,0
858,24.13,55.5,76.0,6,van,8,773.7,22,Wed,rain,urban,1
859,28.68,87.9,81.1,22,van,11,1454.2,11,Sat,snow,urban,0
860,4.22,16.5,12.5,12,truck_large,13,1368.2,19,Sat,clear,suburban,0
861,39.0,109.2,129.1,22,truck_large,4,1426.0,6,Fri,rain,suburban,1
862,23.21,60.3,52.0,12,van,12,1004.0,23,Thu,clear,rural,0
863,26.7,57.7,52.2,10,van,10,796.7,7,Mon,clear,suburban,0
864,22.6,58.7,57.3,23,van,6,483.1,8,Sat,windy,urban,0
865,20.64,67.3,75.7,6,truck_large,9,1658.0,13,Tue,clear,rural,0
866,28.42,89.5,91.6,17,van,2,1236.3,4,Tue,rain,urban,0
867,8.61,17.2,5.0,19,truck_small,2,916.5,20,Tue,snow,urban,0
868,9.91,16.1,10.8,18,van,7,1890.8,18,Sun,windy,urban,0
869,43.23,88.9,82.9,6,truck_small,2,143.3,20,Sat,snow,urban,0
870,47.36,136.9,136.1,24,van,2,1707.8,15,Sat,clear,suburban,0
871,19.29,56.1,60.4,19,truck_small,4,1995.3,23,Tue,clear,suburban,0
872,14.27,29.8,34.0,10,van,9,1779.5,11,Sat,clear,suburban,0
873,32.56,77.1,59.3,24,truck_small,8,1630.4,20,Sun,clear,urban,0
874,21.03,64.1,74.8,8,van,2,779.9,3,Mon,clear,urban,1
875,2.24,8.0,10.6,21,truck_small,8,501.1,7,Mon,rain,urban,1
876,8.65,21.9,35.8,24,truck_large,4,1483.0,6,Fri,rain,suburban,1
877,36.08,98.1,102.6,6,van,2,643.9,14,Thu,windy,urban,0
878,33.29,82.6,93.6,21,truck_large,11,393.3,5,Mon,rain,rural,0
879,2.33,6.9,11.5,7,truck_small,10,1583.7,4,Fri,rain,urban,1
880,11.88,27.7,41.2,24,van,7,659.5,13,Wed,clear,urban,1
881,12.32,34.0,39.2,1,van,6,1833.2,20,Thu,clear,suburban,1
882,33.92,102.0,101.0,18,van,14,1689.2,12,Mon,clear,rural,0
883,1.97,6.0,28.7,24,truck_small,10,1702.9,9,Sun,rain,urban,1
884,6.1,16.4,25.3,20,truck_small,5,1554.6,17,Wed,clear,suburban,1
885,40.2,81.0,86.7,12,van,11,1767.7,3,Fri,rain,rural,0
886,9.75,26.3,13.6,16,truck_small,1,1621.2,7,Mon,rain,rural,0
887,32.98,58.5,45.6,10,truck_large,2,1224.9,23,Mon,clear,suburban,0
888,12.67,22.4,25.3,10,truck_large,8,626.9,10,Sat,clear,suburban,0
889,5.87,21.8,23.2,14,truck_small,1,1782.0,16,Wed,clear,urban,0
890,12.92,45.3,39.2,20,truck_large,3,1689.2,17,Mon,clear,rural,0
891,36.39,66.7,68.1,10,truck_small,2,972.1,20,Tue,rain,urban,0
892,42.93,103.5,119.4,10,van,5,126.2,10,Sun,rain,rural,1
893,41.68,120.2,127.2,11,truck_large,4,1295.2,15,Sat,rain,urban,0
894,20.46,43.5,32.1,23,van,13,148.7,11,Sat,snow,urban,0
895,33.74,87.8,86.7,2,van,7,1856.2,12,Mon,rain,suburban,0
896,11.04,30.5,22.4,20,van,5,1925.2,15,Sun,windy,urban,0
897,15.36,38.5,34.7,8,truck_large,8,419.5,22,Sat,clear,urban,0
898,44.92,90.6,86.5,23,truck_large,4,1369.0,20,Thu,rain,suburban,0
899,1.64,5.0,5.0,7,van,12,229.9,0,Wed,clear,suburban,0
900,5.19,12.5,5.0,8,van,6,1472.6,15,Thu,clear,suburban,0
901,11.19,28.6,27.3,1,van,4,727.2,14,Fri,clear,urban,0
902,2.3,5.0,5.0,21,truck_small,2,1378.0,5,Thu,rain,suburban,0
903,9.89,30.4,5.0,2,van,1,777.1,11,Sun,clear,urban,0
904,29.57,59.1,79.7,18,truck_small,14,333.9,7,Tue,clear,urban,1
905,21.65,59.8,70.7,15,van,14,841.9,6,Sat,windy,suburban,1
906,44.74,93.9,90.2,1,van,1,269.7,1,Sun,snow,rural,0
907,41.05,130.4,130.6,5,van,8,1174.9,11,Sat,rain,urban,0
908,17.75,42.5,30.8,2,van,14,129.9,20,Tue,rain,suburban,0
909,13.71,31.2,48.1,20,truck_large,4,1078.3,13,Sat,windy,urban,1
910,19.6,41.6,60.6,3,van,5,1778.4,15,Thu,rain,urban,1
911,29.92,68.1,69.7,19,van,11,1683.9,10,Fri,clear,urban,0
912,14.14,39.1,49.3,18,van,8,1771.4,19,Mon,snow,rural,1
913,31.58,103.5,105.3,22,van,12,1848.0,8,Tue,rain,rural,0
914,21.06,51.4,38.1,18,van,7,253.8,9,Thu,clear,suburban,0
915,28.05,65.8,61.7,14,van,13,301.1,16,Sun,clear,suburban,0
916,22.37,63.0,64.3,24,truck_small,8,1136.2,11,Thu,clear,suburban,0
917,15.43,49.0,44.4,8,truck_small,13,1793.2,5,Thu,windy,urban,0
918,47.47,124.2,122.0,12,van,8,1950.0,18,Mon,clear,urban,0
919,38.42,93.4,92.5,21,van,6,140.2,10,Wed,windy,urban,0
920,7.87,25.8,25.0,10,truck_large,10,743.8,8,Sat,windy,suburban,0
921,43.55,118.4,119.0,23,van,2,465.1,20,Sat,rain,rural,0
922,24.88,40.8,30.1,20,van,6,1524.1,5,Sun,rain,urban,0
923,44.83,120.5,113.3,17,van,14,1298.4,23,Fri,clear,urban,0
924,40.19,94.5,81.7,11,van,1,283.8,15,Sun,clear,urban,0
925,21.84,62.9,72.7,2,truck_small,1,992.9,19,Wed,clear,rural,1
926,2.1,8.4,5.0,4,van,11,1386.6,15,Sat,rain,urban,0
927,14.17,33.2,44.7,1,truck_small,3,1569.1,5,Fri,clear,urban,1
928,27.54,70.2,84.1,15,van,3,89.1,4,Sun,clear,suburban,1
929,32.04,84.7,81.6,13,van,11,1786.4,20,Fri,clear,suburban,0
930,13.64,30.9,5.0,8,truck_small,13,1160.1,3,Thu,windy,urban,0
931,7.83,26.4,22.8,4,van,5,1633.2,1,Tue,clear,urban,0
932,41.91,106.1,105.4,10,truck_small,1,1625.5,5,Thu,windy,suburban,0
933,49.24,125.6,115.5,19,van,10,420.2,8,Mon,clear,urban,0
934,26.76,73.4,68.2,18,truck_small,6,264.8,16,Sat,clear,rural,0
935,9.41,24.7,40.0,5,van,7,1456.5,13,Fri,clear,suburban,1
936,14.34,41.8,48.5,19,truck_large,10,355.0,6,Sun,clear,urban,1
937,1.9,5.0,5.0,23,van,12,1707.4,21,Tue,rain,urban,0
938,45.8,129.6,113.6,22,truck_large,13,1466.1,18,Sun,clear,urban,0
939,6.77,16.9,13.6,16,van,11,1691.6,0,Sat,rain,urban,0
940,29.25,53.7,51.6,1,truck_small,3,633.1,19,Fri,rain,rural,0
941,14.43,25.7,30.6,12,van,4,667.4,14,Fri,rain,rural,1
942,28.15,68.2,62.8,24,truck_large,10,1358.9,17,Thu,rain,urban,0
943,32.92,91.7,96.8,2,van,11,111.3,2,Tue,clear,urban,0
944,41.66,118.7,138.1,21,van,10,1466.7,17,Tue,rain,urban,1
945,11.11,31.4,39.6,8,van,14,1679.8,1,Sat,windy,urban,1
946,1.54,5.0,5.0,18,van,12,859.6,9,Fri,snow,suburban,0
947,7.71,21.0,19.2,16,van,10,1541.5,10,Tue,windy,urban,0
948,45.1,91.5,87.9,5,truck_large,14,390.5,23,Tue,clear,rural,0
949,43.82,100.7,112.5,22,truck_large,10,678.4,2,Sun,rain,urban,0
950,30.27,75.8,69.5,13,van,10,1949.9,6,Sat,rain,suburban,0
951,30.43,57.6,58.0,19,truck_large,3,1973.3,7,Thu,clear,rural,0
952,33.59,69.0,69.5,3,truck_small,1,1049.6,18,Sun,snow,urban,0
953,9.59,22.0,17.0,8,van,8,1871.8,17,Sun,rain,urban,0
954,45.81,127.2,113.4,12,truck_small,13,1069.3,12,Wed,clear,urban,0
955,21.52,77.7,80.9,2,truck_small,10,618.6,12,Mon,clear,urban,0
956,19.77,65.1,64.5,11,truck_large,10,570.5,23,Wed,snow,rural,0
957,26.43,67.3,72.3,12,van,2,1862.5,18,Tue,clear,rural,0
958,3.3,5.0,5.0,18,truck_small,1,386.3,22,Fri,clear,rural,0
959,9.15,26.1,38.3,13,van,14,1180.3,11,Mon,clear,rural,1
960,37.16,109.4,100.6,5,van,8,1133.3,16,Mon,clear,urban,0
961,5.06,11.6,28.7,22,van,7,1492.3,21,Fri,windy,rural,1
962,30.55,71.8,54.3,12,truck_large,7,1023.5,11,Mon,clear,rural,0
963,13.02,38.4,42.7,2,truck_large,4,581.0,12,Fri,rain,urban,0
964,20.08,47.9,52.7,5,truck_small,11,380.3,11,Mon,windy,urban,0
965,15.15,39.7,31.7,7,truck_small,9,1260.6,18,Sun,clear,suburban,0
966,18.43,41.7,45.9,24,van,6,1452.0,13,Sat,clear,urban,0
967,36.23,73.9,86.7,12,van,2,1160.6,6,Sat,rain,urban,1
968,15.56,33.3,11.2,16,van,14,1489.8,12,Wed,clear,rural,0
969,28.75,65.7,70.8,23,van,1,326.0,5,Sun,clear,rural,0
970,24.33,53.6,28.7,8,truck_small,1,1770.8,23,Mon,rain,urban,0
971,33.52,62.6,52.9,9,truck_small,9,1185.7,18,Thu,snow,urban,0
972,46.9,138.1,154.4,15,van,4,297.3,18,Fri,rain,rural,0
973,36.9,83.3,77.5,5,van,5,950.8,3,Sun,windy,suburban,0
974,11.53,30.6,18.8,13,van,3,1697.3,18,Mon,rain,urban,0
975,2.53,6.9,5.0,5,van,4,1800.2,8,Sat,rain,suburban,0
976,13.85,45.0,65.7,11,truck_large,12,566.1,15,Sat,snow,rural,1
977,30.16,71.4,53.1,10,truck_small,8,1437.0,3,Fri,clear,rural,0
978,3.52,5.1,5.0,20,truck_large,13,245.0,5,Thu,clear,urban,0
979,25.32,77.9,92.9,13,van,4,115.4,7,Mon,rain,urban,1
980,30.25,87.3,105.9,9,van,9,1142.8,23,Mon,rain,rural,1
981,17.38,37.5,36.4,21,van,9,1404.9,15,Thu,clear,urban,0
982,38.77,110.6,98.2,14,truck_large,6,1601.8,4,Thu,clear,suburban,0
983,6.22,13.9,34.9,18,truck_small,2,713.4,20,Thu,clear,urban,1
984,4.68,10.7,26.6,15,van,12,62.7,21,Sat,rain,urban,1
985,36.68,75.8,82.6,10,truck_small,10,985.1,9,Fri,snow,urban,0
986,25.28,51.1,43.0,24,van,11,80.9,22,Sun,windy,urban,0
987,34.73,94.2,93.7,7,truck_small,7,229.4,12,Thu,rain,rural,0
988,22.31,55.8,54.2,8,truck_large,9,687.0,13,Fri,snow,urban,0
989,13.07,29.4,32.7,3,truck_small,6,902.5,6,Wed,clear,rural,0
990,41.14,112.3,126.8,15,truck_small,3,595.0,19,Mon,clear,rural,0
991,40.17,114.7,123.5,16,van,14,1184.6,5,Mon,clear,urban,0
992,35.04,69.9,59.2,4,van,7,157.9,6,Tue,rain,suburban,0
993,14.34,45.3,59.1,21,van,5,331.9,4,Wed,clear,urban,1
994,29.92,60.8,64.0,6,van,1,1405.8,20,Sun,rain,suburban,0
995,18.69,49.2,56.0,1,truck_small,3,327.2,17,Thu,rain,suburban,0
996,5.49,13.2,27.9,4,truck_small,5,1297.6,22,Thu,clear,urban,1
997,45.95,147.3,136.2,11,van,7,156.6,11,Sun,windy,urban,0
998,7.7,20.9,20.5,12,truck_large,3,844.4,5,Sat,rain,suburban,0
999,47.56,84.6,79.3,5,van,6,395.9,0,Wed,clear,rural,0
1000,22.85,44.5,28.8,23,van,5,263.8,3,Thu,clear,urban,0
